{
  "any_toxic_f1": 0.8471367723615713,
  "any_toxic_roc_auc": 0.987729833323654,
  "any_toxic_pr_auc": 0.9242523618281571,
  "any_toxic_ece": 0.07346003273633626,
  "any_toxic_brier": 0.04620601116865426,
  "any_toxic_accuracy": 0.9677,
  "any_toxic_precision": 0.8077617328519856,
  "any_toxic_recall": 0.8905472636815921,
  "confusion_matrix": {
    "true_negatives": 8782,
    "false_positives": 213,
    "false_negatives": 110,
    "true_positives": 895
  },
  "f1_macro": 0.8471367723615713,
  "f1_micro": 0.8471367723615713,
  "roc_auc_macro": 0.987729833323654,
  "pr_auc_macro": 0.9242523618281571,
  "ece_macro": 0.07346003273633626,
  "brier_macro": 0.04620601116865426,
  "split": "val",
  "variant": "temperature"
}