{
  "any_toxic_f1": 0.6728395061728395,
  "any_toxic_roc_auc": 0.9674034954162064,
  "any_toxic_pr_auc": 0.7919053678809593,
  "any_toxic_ece": 0.04313327585728839,
  "any_toxic_brier": 0.052129146523681835,
  "any_toxic_accuracy": 0.9152,
  "any_toxic_precision": 0.5498108448928121,
  "any_toxic_recall": 0.8667992047713717,
  "confusion_matrix": {
    "true_negatives": 4140,
    "false_positives": 357,
    "false_negatives": 67,
    "true_positives": 436
  },
  "f1_macro": 0.6728395061728395,
  "f1_micro": 0.6728395061728395,
  "roc_auc_macro": 0.9674034954162064,
  "pr_auc_macro": 0.7919053678809593,
  "ece_macro": 0.04313327585728839,
  "brier_macro": 0.052129146523681835,
  "split": "test",
  "variant": "isotonic"
}