{
  "any_toxic_f1": 0.5808779314491882,
  "any_toxic_roc_auc": 0.9679592005450065,
  "any_toxic_pr_auc": 0.7933880666226677,
  "any_toxic_ece": 0.15226943948194382,
  "any_toxic_brier": 0.09350541045642799,
  "any_toxic_accuracy": 0.8606,
  "any_toxic_precision": 0.4163793103448276,
  "any_toxic_recall": 0.9602385685884692,
  "confusion_matrix": {
    "true_negatives": 3820,
    "false_positives": 677,
    "false_negatives": 20,
    "true_positives": 483
  },
  "f1_macro": 0.5808779314491882,
  "f1_micro": 0.5808779314491882,
  "roc_auc_macro": 0.9679592005450065,
  "pr_auc_macro": 0.7933880666226677,
  "ece_macro": 0.15226943948194382,
  "brier_macro": 0.09350541045642799,
  "split": "test",
  "variant": "uncal"
}