{
  "any_toxic_f1": 0.6707410236822001,
  "any_toxic_roc_auc": 0.9679592005450065,
  "any_toxic_pr_auc": 0.7933880666226677,
  "any_toxic_ece": 0.042287887629959726,
  "any_toxic_brier": 0.05065962545801828,
  "any_toxic_accuracy": 0.9138,
  "any_toxic_precision": 0.5446650124069479,
  "any_toxic_recall": 0.8727634194831014,
  "confusion_matrix": {
    "true_negatives": 4130,
    "false_positives": 367,
    "false_negatives": 64,
    "true_positives": 439
  },
  "f1_macro": 0.6707410236822001,
  "f1_micro": 0.6707410236822001,
  "roc_auc_macro": 0.9679592005450065,
  "pr_auc_macro": 0.7933880666226677,
  "ece_macro": 0.042287887629959726,
  "brier_macro": 0.05065962545801828,
  "split": "test",
  "variant": "platt"
}