label,uncal_f1,uncal_ece,uncal_brier,temp_f1,platt_f1,isotonic_f1
any_toxic,0.7000000000000002,0.5,0.5,0.8000000000000003,0.3500000000000001,0.40000000000000013
